{"mean":{"confidence_interval":{"confidence_level":0.95,"lower_bound":1137092.9283570878,"upper_bound":1190982.8931692336},"point_estimate":1161620.903793915,"standard_error":13830.341904774268},"median":{"confidence_interval":{"confidence_level":0.95,"lower_bound":1123476.851851852,"upper_bound":1153492.996553308},"point_estimate":1142994.347457627,"standard_error":8181.16325233152},"median_abs_dev":{"confidence_interval":{"confidence_level":0.95,"lower_bound":46713.51322431881,"upper_bound":84278.45480775839},"point_estimate":71508.59565072547,"standard_error":9370.709918918728},"slope":{"confidence_interval":{"confidence_level":0.95,"lower_bound":1090246.2080875845,"upper_bound":1128096.3253118668},"point_estimate":1106596.663972218,"standard_error":9674.627838826551},"std_dev":{"confidence_interval":{"confidence_level":0.95,"lower_bound":78416.39741427223,"upper_bound":198075.11366401098},"point_estimate":138963.1194059132,"standard_error":31963.849366862032}}