{"mean":{"confidence_interval":{"confidence_level":0.95,"lower_bound":794.7620675873516,"upper_bound":931.5115021321951},"point_estimate":858.5265655454172,"standard_error":35.018796084705},"median":{"confidence_interval":{"confidence_level":0.95,"lower_bound":684.9711088272239,"upper_bound":711.048097422683},"point_estimate":694.0169291827591,"standard_error":7.432838288139971},"median_abs_dev":{"confidence_interval":{"confidence_level":0.95,"lower_bound":15.811009584688232,"upper_bound":55.687837249884886},"point_estimate":29.02534219473362,"standard_error":11.518843702256483},"slope":{"confidence_interval":{"confidence_level":0.95,"lower_bound":710.395864828179,"upper_bound":763.3116391142032},"point_estimate":732.4247403649417,"standard_error":13.577991344925723},"std_dev":{"confidence_interval":{"confidence_level":0.95,"lower_bound":239.108870352359,"upper_bound":443.3369690986022},"point_estimate":351.4386497256771,"standard_error":52.269731359624885}}